{
  "n": 128,
  "k": 36,
  "m": 128,
  "decoding_option": 0,
  "decoding_option_name": "Flooding BP",
  "noise_model": "Depolarizing",
  "number_guess": 0,
  "dec_iter_num": 15,
  "ep0": 0.10000000000000001,
  "max_frame_errors": 300,
  "max_decoded_words": 100000000,
  "progress_interval": 10000000,
  "omp_max_threads": 14,
  "epsilon_mode": "DecadeLinearRange",
  "epsilon_max": 0.10000000000000001,
  "epsilon_min": 0.001,
  "epsilon_step": 0.01,
  "epsilons": [0.089999999999999997, 0.080000000000000002, 0.070000000000000007, 0.059999999999999998, 0.050000000000000003, 0.040000000000000001, 0.029999999999999999, 0.02, 0.01, 0.0090000000000000011, 0.0080000000000000002, 0.0070000000000000001, 0.0060000000000000001, 0.0050000000000000001, 0.0040000000000000001, 0.0030000000000000001, 0.002, 0.001]
}
